index,congresistas,votos,partidos,asunto,fecha
0,SAGASTI HOCHHAUSLER,LICENCIA/AUSENTE,," 

ASUNTO: Exoneración de la segunda votación del texto sustitutorio de los proyectos de ley 5905, 5992, 6019, 6164, 6251, 6273, 6309, 6351, 6301 y 6311,
que propone la ley que garantiza el acceso al tratamiento preventivo y curativo de la enfermedad por coronavirus SARS-CoV-2 y de otras enfermedades
que dan origen a emergencias sanitarias nacionales y otras pandemias declaradas por la Organización Mundial de la Salud.

 
  

— - -
",04-12-20
1,LIZANA SANTOS,LICENCIA/AUSENTE,," 

ASUNTO: Exoneración de la segunda votación del texto sustitutorio de los proyectos de ley 5905, 5992, 6019, 6164, 6251, 6273, 6309, 6351, 6301 y 6311,
que propone la ley que garantiza el acceso al tratamiento preventivo y curativo de la enfermedad por coronavirus SARS-CoV-2 y de otras enfermedades
que dan origen a emergencias sanitarias nacionales y otras pandemias declaradas por la Organización Mundial de la Salud.

 
  

— - -
",04-12-20
2,VÁSQUEZ CHUQUILIN,LICENCIA/AUSENTE,," 

ASUNTO: Exoneración de la segunda votación del texto sustitutorio de los proyectos de ley 5905, 5992, 6019, 6164, 6251, 6273, 6309, 6351, 6301 y 6311,
que propone la ley que garantiza el acceso al tratamiento preventivo y curativo de la enfermedad por coronavirus SARS-CoV-2 y de otras enfermedades
que dan origen a emergencias sanitarias nacionales y otras pandemias declaradas por la Organización Mundial de la Salud.

 
  

— - -
",04-12-20
3,LIZARRAGA HOUGHTON,SI,," 

ASUNTO: Exoneración de la segunda votación del texto sustitutorio de los proyectos de ley 5905, 5992, 6019, 6164, 6251, 6273, 6309, 6351, 6301 y 6311,
que propone la ley que garantiza el acceso al tratamiento preventivo y curativo de la enfermedad por coronavirus SARS-CoV-2 y de otras enfermedades
que dan origen a emergencias sanitarias nacionales y otras pandemias declaradas por la Organización Mundial de la Salud.

 
  

— - -
",04-12-20
4,ROEL ALVA,SI,," 

ASUNTO: Exoneración de la segunda votación del texto sustitutorio de los proyectos de ley 5905, 5992, 6019, 6164, 6251, 6273, 6309, 6351, 6301 y 6311,
que propone la ley que garantiza el acceso al tratamiento preventivo y curativo de la enfermedad por coronavirus SARS-CoV-2 y de otras enfermedades
que dan origen a emergencias sanitarias nacionales y otras pandemias declaradas por la Organización Mundial de la Salud.

 
  

— - -
",04-12-20
5,LLAULLI ROMERO —,SI,," 

ASUNTO: Exoneración de la segunda votación del texto sustitutorio de los proyectos de ley 5905, 5992, 6019, 6164, 6251, 6273, 6309, 6351, 6301 y 6311,
que propone la ley que garantiza el acceso al tratamiento preventivo y curativo de la enfermedad por coronavirus SARS-CoV-2 y de otras enfermedades
que dan origen a emergencias sanitarias nacionales y otras pandemias declaradas por la Organización Mundial de la Salud.

 
  

— - -
",04-12-20
6,FERNÁNDEZ FLOREZ,NO VOTO,," 

ASUNTO: Exoneración de la segunda votación del texto sustitutorio de los proyectos de ley 5905, 5992, 6019, 6164, 6251, 6273, 6309, 6351, 6301 y 6311,
que propone la ley que garantiza el acceso al tratamiento preventivo y curativo de la enfermedad por coronavirus SARS-CoV-2 y de otras enfermedades
que dan origen a emergencias sanitarias nacionales y otras pandemias declaradas por la Organización Mundial de la Salud.

 
  

— - -
",04-12-20
7,LOZANO INOSTROZA,SI,," 

ASUNTO: Exoneración de la segunda votación del texto sustitutorio de los proyectos de ley 5905, 5992, 6019, 6164, 6251, 6273, 6309, 6351, 6301 y 6311,
que propone la ley que garantiza el acceso al tratamiento preventivo y curativo de la enfermedad por coronavirus SARS-CoV-2 y de otras enfermedades
que dan origen a emergencias sanitarias nacionales y otras pandemias declaradas por la Organización Mundial de la Salud.

 
  

— - -
",04-12-20
8, ACATE CORONEL,LICENCIA/AUSENTE,," 

ASUNTO: Exoneración de la segunda votación del texto sustitutorio de los proyectos de ley 5905, 5992, 6019, 6164, 6251, 6273, 6309, 6351, 6301 y 6311,
que propone la ley que garantiza el acceso al tratamiento preventivo y curativo de la enfermedad por coronavirus SARS-CoV-2 y de otras enfermedades
que dan origen a emergencias sanitarias nacionales y otras pandemias declaradas por la Organización Mundial de la Salud.

 
  

— - -
",04-12-20
9,LUNA MORALES,SI,," 

ASUNTO: Exoneración de la segunda votación del texto sustitutorio de los proyectos de ley 5905, 5992, 6019, 6164, 6251, 6273, 6309, 6351, 6301 y 6311,
que propone la ley que garantiza el acceso al tratamiento preventivo y curativo de la enfermedad por coronavirus SARS-CoV-2 y de otras enfermedades
que dan origen a emergencias sanitarias nacionales y otras pandemias declaradas por la Organización Mundial de la Salud.

 
  

— - -
",04-12-20
10,ACUÑA PERALTA,LICENCIA/AUSENTE,," 

ASUNTO: Exoneración de la segunda votación del texto sustitutorio de los proyectos de ley 5905, 5992, 6019, 6164, 6251, 6273, 6309, 6351, 6301 y 6311,
que propone la ley que garantiza el acceso al tratamiento preventivo y curativo de la enfermedad por coronavirus SARS-CoV-2 y de otras enfermedades
que dan origen a emergencias sanitarias nacionales y otras pandemias declaradas por la Organización Mundial de la Salud.

 
  

— - -
",04-12-20
11,MACHACA MAMANI,NO,"FREPAP
"," 

ASUNTO: Exoneración de la segunda votación del texto sustitutorio de los proyectos de ley 5905, 5992, 6019, 6164, 6251, 6273, 6309, 6351, 6301 y 6311,
que propone la ley que garantiza el acceso al tratamiento preventivo y curativo de la enfermedad por coronavirus SARS-CoV-2 y de otras enfermedades
que dan origen a emergencias sanitarias nacionales y otras pandemias declaradas por la Organización Mundial de la Salud.

 
  

— - -
",04-12-20
12,AGUILAR ZAMORA,SI,," 

ASUNTO: Exoneración de la segunda votación del texto sustitutorio de los proyectos de ley 5905, 5992, 6019, 6164, 6251, 6273, 6309, 6351, 6301 y 6311,
que propone la ley que garantiza el acceso al tratamiento preventivo y curativo de la enfermedad por coronavirus SARS-CoV-2 y de otras enfermedades
que dan origen a emergencias sanitarias nacionales y otras pandemias declaradas por la Organización Mundial de la Salud.

 
  

— - -
",04-12-20
13,MAMANI BARRIGA,ABSTENCION,," 

ASUNTO: Exoneración de la segunda votación del texto sustitutorio de los proyectos de ley 5905, 5992, 6019, 6164, 6251, 6273, 6309, 6351, 6301 y 6311,
que propone la ley que garantiza el acceso al tratamiento preventivo y curativo de la enfermedad por coronavirus SARS-CoV-2 y de otras enfermedades
que dan origen a emergencias sanitarias nacionales y otras pandemias declaradas por la Organización Mundial de la Salud.

 
  

— - -
",04-12-20
14,ALARCÓN TEJADA,ABSTENCION,," 

ASUNTO: Exoneración de la segunda votación del texto sustitutorio de los proyectos de ley 5905, 5992, 6019, 6164, 6251, 6273, 6309, 6351, 6301 y 6311,
que propone la ley que garantiza el acceso al tratamiento preventivo y curativo de la enfermedad por coronavirus SARS-CoV-2 y de otras enfermedades
que dan origen a emergencias sanitarias nacionales y otras pandemias declaradas por la Organización Mundial de la Salud.

 
  

— - -
",04-12-20
15,MAQUERA CHÁVEZ,NO,"UPP
"," 

ASUNTO: Exoneración de la segunda votación del texto sustitutorio de los proyectos de ley 5905, 5992, 6019, 6164, 6251, 6273, 6309, 6351, 6301 y 6311,
que propone la ley que garantiza el acceso al tratamiento preventivo y curativo de la enfermedad por coronavirus SARS-CoV-2 y de otras enfermedades
que dan origen a emergencias sanitarias nacionales y otras pandemias declaradas por la Organización Mundial de la Salud.

 
  

— - -
",04-12-20
16,ALENCASTRE MIRANDA,SI,," 

ASUNTO: Exoneración de la segunda votación del texto sustitutorio de los proyectos de ley 5905, 5992, 6019, 6164, 6251, 6273, 6309, 6351, 6301 y 6311,
que propone la ley que garantiza el acceso al tratamiento preventivo y curativo de la enfermedad por coronavirus SARS-CoV-2 y de otras enfermedades
que dan origen a emergencias sanitarias nacionales y otras pandemias declaradas por la Organización Mundial de la Salud.

 
  

— - -
",04-12-20
17,MELÉNDEZ CELIS,LICENCIA/AUSENTE,," 

ASUNTO: Exoneración de la segunda votación del texto sustitutorio de los proyectos de ley 5905, 5992, 6019, 6164, 6251, 6273, 6309, 6351, 6301 y 6311,
que propone la ley que garantiza el acceso al tratamiento preventivo y curativo de la enfermedad por coronavirus SARS-CoV-2 y de otras enfermedades
que dan origen a emergencias sanitarias nacionales y otras pandemias declaradas por la Organización Mundial de la Salud.

 
  

— - -
",04-12-20
18,ALIAGA PAJARES,SI,," 

ASUNTO: Exoneración de la segunda votación del texto sustitutorio de los proyectos de ley 5905, 5992, 6019, 6164, 6251, 6273, 6309, 6351, 6301 y 6311,
que propone la ley que garantiza el acceso al tratamiento preventivo y curativo de la enfermedad por coronavirus SARS-CoV-2 y de otras enfermedades
que dan origen a emergencias sanitarias nacionales y otras pandemias declaradas por la Organización Mundial de la Salud.

 
  

— - -
",04-12-20
19,MENDOZA MARQUINA,NO,"UPP
"," 

ASUNTO: Exoneración de la segunda votación del texto sustitutorio de los proyectos de ley 5905, 5992, 6019, 6164, 6251, 6273, 6309, 6351, 6301 y 6311,
que propone la ley que garantiza el acceso al tratamiento preventivo y curativo de la enfermedad por coronavirus SARS-CoV-2 y de otras enfermedades
que dan origen a emergencias sanitarias nacionales y otras pandemias declaradas por la Organización Mundial de la Salud.

 
  

— - -
",04-12-20
20,ALMERÍ VERAMENDI,SI,," 

ASUNTO: Exoneración de la segunda votación del texto sustitutorio de los proyectos de ley 5905, 5992, 6019, 6164, 6251, 6273, 6309, 6351, 6301 y 6311,
que propone la ley que garantiza el acceso al tratamiento preventivo y curativo de la enfermedad por coronavirus SARS-CoV-2 y de otras enfermedades
que dan origen a emergencias sanitarias nacionales y otras pandemias declaradas por la Organización Mundial de la Salud.

 
  

— - -
",04-12-20
21,MERINO DE LAMA ,SI,," 

ASUNTO: Exoneración de la segunda votación del texto sustitutorio de los proyectos de ley 5905, 5992, 6019, 6164, 6251, 6273, 6309, 6351, 6301 y 6311,
que propone la ley que garantiza el acceso al tratamiento preventivo y curativo de la enfermedad por coronavirus SARS-CoV-2 y de otras enfermedades
que dan origen a emergencias sanitarias nacionales y otras pandemias declaradas por la Organización Mundial de la Salud.

 
  

— - -
",04-12-20
22,ALONZO FERNÁNDEZ,SI,," 

ASUNTO: Exoneración de la segunda votación del texto sustitutorio de los proyectos de ley 5905, 5992, 6019, 6164, 6251, 6273, 6309, 6351, 6301 y 6311,
que propone la ley que garantiza el acceso al tratamiento preventivo y curativo de la enfermedad por coronavirus SARS-CoV-2 y de otras enfermedades
que dan origen a emergencias sanitarias nacionales y otras pandemias declaradas por la Organización Mundial de la Salud.

 
  

— - -
",04-12-20
23, MERINO LÓPEZ —,SI,," 

ASUNTO: Exoneración de la segunda votación del texto sustitutorio de los proyectos de ley 5905, 5992, 6019, 6164, 6251, 6273, 6309, 6351, 6301 y 6311,
que propone la ley que garantiza el acceso al tratamiento preventivo y curativo de la enfermedad por coronavirus SARS-CoV-2 y de otras enfermedades
que dan origen a emergencias sanitarias nacionales y otras pandemias declaradas por la Organización Mundial de la Salud.

 
  

— - -
",04-12-20
24,ANCALLE GUTIERREZ,SI,," 

ASUNTO: Exoneración de la segunda votación del texto sustitutorio de los proyectos de ley 5905, 5992, 6019, 6164, 6251, 6273, 6309, 6351, 6301 y 6311,
que propone la ley que garantiza el acceso al tratamiento preventivo y curativo de la enfermedad por coronavirus SARS-CoV-2 y de otras enfermedades
que dan origen a emergencias sanitarias nacionales y otras pandemias declaradas por la Organización Mundial de la Salud.

 
  

— - -
",04-12-20
25,MESÍA RAMÍREZ,SI,," 

ASUNTO: Exoneración de la segunda votación del texto sustitutorio de los proyectos de ley 5905, 5992, 6019, 6164, 6251, 6273, 6309, 6351, 6301 y 6311,
que propone la ley que garantiza el acceso al tratamiento preventivo y curativo de la enfermedad por coronavirus SARS-CoV-2 y de otras enfermedades
que dan origen a emergencias sanitarias nacionales y otras pandemias declaradas por la Organización Mundial de la Salud.

 
  

— - -
",04-12-20
26,APAZA QUISPE,NO,"UPP
"," 

ASUNTO: Exoneración de la segunda votación del texto sustitutorio de los proyectos de ley 5905, 5992, 6019, 6164, 6251, 6273, 6309, 6351, 6301 y 6311,
que propone la ley que garantiza el acceso al tratamiento preventivo y curativo de la enfermedad por coronavirus SARS-CoV-2 y de otras enfermedades
que dan origen a emergencias sanitarias nacionales y otras pandemias declaradas por la Organización Mundial de la Salud.

 
  

— - -
",04-12-20
27,MONTOYA GUIVIN,SI,," 

ASUNTO: Exoneración de la segunda votación del texto sustitutorio de los proyectos de ley 5905, 5992, 6019, 6164, 6251, 6273, 6309, 6351, 6301 y 6311,
que propone la ley que garantiza el acceso al tratamiento preventivo y curativo de la enfermedad por coronavirus SARS-CoV-2 y de otras enfermedades
que dan origen a emergencias sanitarias nacionales y otras pandemias declaradas por la Organización Mundial de la Salud.

 
  

— - -
",04-12-20
28,ARAPA ROQUE,NO,," 

ASUNTO: Exoneración de la segunda votación del texto sustitutorio de los proyectos de ley 5905, 5992, 6019, 6164, 6251, 6273, 6309, 6351, 6301 y 6311,
que propone la ley que garantiza el acceso al tratamiento preventivo y curativo de la enfermedad por coronavirus SARS-CoV-2 y de otras enfermedades
que dan origen a emergencias sanitarias nacionales y otras pandemias declaradas por la Organización Mundial de la Salud.

 
  

— - -
",04-12-20
29,NOVOA CRUZADO,SI,," 

ASUNTO: Exoneración de la segunda votación del texto sustitutorio de los proyectos de ley 5905, 5992, 6019, 6164, 6251, 6273, 6309, 6351, 6301 y 6311,
que propone la ley que garantiza el acceso al tratamiento preventivo y curativo de la enfermedad por coronavirus SARS-CoV-2 y de otras enfermedades
que dan origen a emergencias sanitarias nacionales y otras pandemias declaradas por la Organización Mundial de la Salud.

 
  

— - -
",04-12-20
30,ASCONA CALDERÓN,SI,," 

ASUNTO: Exoneración de la segunda votación del texto sustitutorio de los proyectos de ley 5905, 5992, 6019, 6164, 6251, 6273, 6309, 6351, 6301 y 6311,
que propone la ley que garantiza el acceso al tratamiento preventivo y curativo de la enfermedad por coronavirus SARS-CoV-2 y de otras enfermedades
que dan origen a emergencias sanitarias nacionales y otras pandemias declaradas por la Organización Mundial de la Salud.

 
  

— - -
",04-12-20
31,NÚÑEZ MARREROS,SI,"FREPAP
"," 

ASUNTO: Exoneración de la segunda votación del texto sustitutorio de los proyectos de ley 5905, 5992, 6019, 6164, 6251, 6273, 6309, 6351, 6301 y 6311,
que propone la ley que garantiza el acceso al tratamiento preventivo y curativo de la enfermedad por coronavirus SARS-CoV-2 y de otras enfermedades
que dan origen a emergencias sanitarias nacionales y otras pandemias declaradas por la Organización Mundial de la Salud.

 
  

— - -
",04-12-20
32,AYASTA DE DÍAZ,SI,," 

ASUNTO: Exoneración de la segunda votación del texto sustitutorio de los proyectos de ley 5905, 5992, 6019, 6164, 6251, 6273, 6309, 6351, 6301 y 6311,
que propone la ley que garantiza el acceso al tratamiento preventivo y curativo de la enfermedad por coronavirus SARS-CoV-2 y de otras enfermedades
que dan origen a emergencias sanitarias nacionales y otras pandemias declaradas por la Organización Mundial de la Salud.

 
  

— - -
",04-12-20
33,NÚÑEZ SALAS,SI,," 

ASUNTO: Exoneración de la segunda votación del texto sustitutorio de los proyectos de ley 5905, 5992, 6019, 6164, 6251, 6273, 6309, 6351, 6301 y 6311,
que propone la ley que garantiza el acceso al tratamiento preventivo y curativo de la enfermedad por coronavirus SARS-CoV-2 y de otras enfermedades
que dan origen a emergencias sanitarias nacionales y otras pandemias declaradas por la Organización Mundial de la Salud.

 
  

— - -
",04-12-20
34,AYQUIPA TORRES,SI,"FREPAP
"," 

ASUNTO: Exoneración de la segunda votación del texto sustitutorio de los proyectos de ley 5905, 5992, 6019, 6164, 6251, 6273, 6309, 6351, 6301 y 6311,
que propone la ley que garantiza el acceso al tratamiento preventivo y curativo de la enfermedad por coronavirus SARS-CoV-2 y de otras enfermedades
que dan origen a emergencias sanitarias nacionales y otras pandemias declaradas por la Organización Mundial de la Salud.

 
  

— - -
",04-12-20
35,OLIVARES CORTÉS,LICENCIA/AUSENTE,," 

ASUNTO: Exoneración de la segunda votación del texto sustitutorio de los proyectos de ley 5905, 5992, 6019, 6164, 6251, 6273, 6309, 6351, 6301 y 6311,
que propone la ley que garantiza el acceso al tratamiento preventivo y curativo de la enfermedad por coronavirus SARS-CoV-2 y de otras enfermedades
que dan origen a emergencias sanitarias nacionales y otras pandemias declaradas por la Organización Mundial de la Salud.

 
  

— - -
",04-12-20
36,BAJONERO OLIVAS,SI,," 

ASUNTO: Exoneración de la segunda votación del texto sustitutorio de los proyectos de ley 5905, 5992, 6019, 6164, 6251, 6273, 6309, 6351, 6301 y 6311,
que propone la ley que garantiza el acceso al tratamiento preventivo y curativo de la enfermedad por coronavirus SARS-CoV-2 y de otras enfermedades
que dan origen a emergencias sanitarias nacionales y otras pandemias declaradas por la Organización Mundial de la Salud.

 
  

— - -
",04-12-20
37,OMONTE DURAND,SI,," 

ASUNTO: Exoneración de la segunda votación del texto sustitutorio de los proyectos de ley 5905, 5992, 6019, 6164, 6251, 6273, 6309, 6351, 6301 y 6311,
que propone la ley que garantiza el acceso al tratamiento preventivo y curativo de la enfermedad por coronavirus SARS-CoV-2 y de otras enfermedades
que dan origen a emergencias sanitarias nacionales y otras pandemias declaradas por la Organización Mundial de la Salud.

 
  

— - -
",04-12-20
38,BARRIONUEVO ROMERO,SI,," 

ASUNTO: Exoneración de la segunda votación del texto sustitutorio de los proyectos de ley 5905, 5992, 6019, 6164, 6251, 6273, 6309, 6351, 6301 y 6311,
que propone la ley que garantiza el acceso al tratamiento preventivo y curativo de la enfermedad por coronavirus SARS-CoV-2 y de otras enfermedades
que dan origen a emergencias sanitarias nacionales y otras pandemias declaradas por la Organización Mundial de la Salud.

 
  

— - -
",04-12-20
39,OSEDA YUCRA,NO,"FREPAP
"," 

ASUNTO: Exoneración de la segunda votación del texto sustitutorio de los proyectos de ley 5905, 5992, 6019, 6164, 6251, 6273, 6309, 6351, 6301 y 6311,
que propone la ley que garantiza el acceso al tratamiento preventivo y curativo de la enfermedad por coronavirus SARS-CoV-2 y de otras enfermedades
que dan origen a emergencias sanitarias nacionales y otras pandemias declaradas por la Organización Mundial de la Salud.

 
  

— - -
",04-12-20
40,BARTOLO ROMERO,ABSTENCION,," 

ASUNTO: Exoneración de la segunda votación del texto sustitutorio de los proyectos de ley 5905, 5992, 6019, 6164, 6251, 6273, 6309, 6351, 6301 y 6311,
que propone la ley que garantiza el acceso al tratamiento preventivo y curativo de la enfermedad por coronavirus SARS-CoV-2 y de otras enfermedades
que dan origen a emergencias sanitarias nacionales y otras pandemias declaradas por la Organización Mundial de la Salud.

 
  

— - -
",04-12-20
41,OYOLA RODRÍGUEZ,ABSTENCION,," 

ASUNTO: Exoneración de la segunda votación del texto sustitutorio de los proyectos de ley 5905, 5992, 6019, 6164, 6251, 6273, 6309, 6351, 6301 y 6311,
que propone la ley que garantiza el acceso al tratamiento preventivo y curativo de la enfermedad por coronavirus SARS-CoV-2 y de otras enfermedades
que dan origen a emergencias sanitarias nacionales y otras pandemias declaradas por la Organización Mundial de la Salud.

 
  

— - -
",04-12-20
42,BAZÁN VILLANUEVA,LICENCIA/AUSENTE,," 

ASUNTO: Exoneración de la segunda votación del texto sustitutorio de los proyectos de ley 5905, 5992, 6019, 6164, 6251, 6273, 6309, 6351, 6301 y 6311,
que propone la ley que garantiza el acceso al tratamiento preventivo y curativo de la enfermedad por coronavirus SARS-CoV-2 y de otras enfermedades
que dan origen a emergencias sanitarias nacionales y otras pandemias declaradas por la Organización Mundial de la Salud.

 
  

— - -
",04-12-20
43,PALQMINO SAAVEDRA,SI,," 

ASUNTO: Exoneración de la segunda votación del texto sustitutorio de los proyectos de ley 5905, 5992, 6019, 6164, 6251, 6273, 6309, 6351, 6301 y 6311,
que propone la ley que garantiza el acceso al tratamiento preventivo y curativo de la enfermedad por coronavirus SARS-CoV-2 y de otras enfermedades
que dan origen a emergencias sanitarias nacionales y otras pandemias declaradas por la Organización Mundial de la Salud.

 
  

— - -
",04-12-20
44,BENAVIDES GAVIDIA,SI,," 

ASUNTO: Exoneración de la segunda votación del texto sustitutorio de los proyectos de ley 5905, 5992, 6019, 6164, 6251, 6273, 6309, 6351, 6301 y 6311,
que propone la ley que garantiza el acceso al tratamiento preventivo y curativo de la enfermedad por coronavirus SARS-CoV-2 y de otras enfermedades
que dan origen a emergencias sanitarias nacionales y otras pandemias declaradas por la Organización Mundial de la Salud.

 
  

— - -
",04-12-20
45,PANTOJA CALVO,SI,," 

ASUNTO: Exoneración de la segunda votación del texto sustitutorio de los proyectos de ley 5905, 5992, 6019, 6164, 6251, 6273, 6309, 6351, 6301 y 6311,
que propone la ley que garantiza el acceso al tratamiento preventivo y curativo de la enfermedad por coronavirus SARS-CoV-2 y de otras enfermedades
que dan origen a emergencias sanitarias nacionales y otras pandemias declaradas por la Organización Mundial de la Salud.

 
  

— - -
",04-12-20
46,BENITES AGURTO,NO,"FREPAP
"," 

ASUNTO: Exoneración de la segunda votación del texto sustitutorio de los proyectos de ley 5905, 5992, 6019, 6164, 6251, 6273, 6309, 6351, 6301 y 6311,
que propone la ley que garantiza el acceso al tratamiento preventivo y curativo de la enfermedad por coronavirus SARS-CoV-2 y de otras enfermedades
que dan origen a emergencias sanitarias nacionales y otras pandemias declaradas por la Organización Mundial de la Salud.

 
  

— - -
",04-12-20
47,PAREDES EYZAGUIRRE,SI,," 

ASUNTO: Exoneración de la segunda votación del texto sustitutorio de los proyectos de ley 5905, 5992, 6019, 6164, 6251, 6273, 6309, 6351, 6301 y 6311,
que propone la ley que garantiza el acceso al tratamiento preventivo y curativo de la enfermedad por coronavirus SARS-CoV-2 y de otras enfermedades
que dan origen a emergencias sanitarias nacionales y otras pandemias declaradas por la Organización Mundial de la Salud.

 
  

— - -
",04-12-20
48,BURGA CHUQUIPIONDO,ABSTENCION,," 

ASUNTO: Exoneración de la segunda votación del texto sustitutorio de los proyectos de ley 5905, 5992, 6019, 6164, 6251, 6273, 6309, 6351, 6301 y 6311,
que propone la ley que garantiza el acceso al tratamiento preventivo y curativo de la enfermedad por coronavirus SARS-CoV-2 y de otras enfermedades
que dan origen a emergencias sanitarias nacionales y otras pandemias declaradas por la Organización Mundial de la Salud.

 
  

— - -
",04-12-20
49,|PEREZ ESPÍRITU |,SI,," 

ASUNTO: Exoneración de la segunda votación del texto sustitutorio de los proyectos de ley 5905, 5992, 6019, 6164, 6251, 6273, 6309, 6351, 6301 y 6311,
que propone la ley que garantiza el acceso al tratamiento preventivo y curativo de la enfermedad por coronavirus SARS-CoV-2 y de otras enfermedades
que dan origen a emergencias sanitarias nacionales y otras pandemias declaradas por la Organización Mundial de la Salud.

 
  

— - -
",04-12-20
50,CABRERA VEGA,SI,," 

ASUNTO: Exoneración de la segunda votación del texto sustitutorio de los proyectos de ley 5905, 5992, 6019, 6164, 6251, 6273, 6309, 6351, 6301 y 6311,
que propone la ley que garantiza el acceso al tratamiento preventivo y curativo de la enfermedad por coronavirus SARS-CoV-2 y de otras enfermedades
que dan origen a emergencias sanitarias nacionales y otras pandemias declaradas por la Organización Mundial de la Salud.

 
  

— - -
",04-12-20
51,PÉREZ FLORES,SI,," 

ASUNTO: Exoneración de la segunda votación del texto sustitutorio de los proyectos de ley 5905, 5992, 6019, 6164, 6251, 6273, 6309, 6351, 6301 y 6311,
que propone la ley que garantiza el acceso al tratamiento preventivo y curativo de la enfermedad por coronavirus SARS-CoV-2 y de otras enfermedades
que dan origen a emergencias sanitarias nacionales y otras pandemias declaradas por la Organización Mundial de la Salud.

 
  

— - -
",04-12-20
52,CAMPOS VILLALOBOS,SI,," 

ASUNTO: Exoneración de la segunda votación del texto sustitutorio de los proyectos de ley 5905, 5992, 6019, 6164, 6251, 6273, 6309, 6351, 6301 y 6311,
que propone la ley que garantiza el acceso al tratamiento preventivo y curativo de la enfermedad por coronavirus SARS-CoV-2 y de otras enfermedades
que dan origen a emergencias sanitarias nacionales y otras pandemias declaradas por la Organización Mundial de la Salud.

 
  

— - -
",04-12-20
53,IPEREZ MIMBELA ],SI,," 

ASUNTO: Exoneración de la segunda votación del texto sustitutorio de los proyectos de ley 5905, 5992, 6019, 6164, 6251, 6273, 6309, 6351, 6301 y 6311,
que propone la ley que garantiza el acceso al tratamiento preventivo y curativo de la enfermedad por coronavirus SARS-CoV-2 y de otras enfermedades
que dan origen a emergencias sanitarias nacionales y otras pandemias declaradas por la Organización Mundial de la Salud.

 
  

— - -
",04-12-20
54,CARCAUSTO HUANCA,SI,," 

ASUNTO: Exoneración de la segunda votación del texto sustitutorio de los proyectos de ley 5905, 5992, 6019, 6164, 6251, 6273, 6309, 6351, 6301 y 6311,
que propone la ley que garantiza el acceso al tratamiento preventivo y curativo de la enfermedad por coronavirus SARS-CoV-2 y de otras enfermedades
que dan origen a emergencias sanitarias nacionales y otras pandemias declaradas por la Organización Mundial de la Salud.

 
  

— - -
",04-12-20
55,PÉREZ OCHOA,SI,," 

ASUNTO: Exoneración de la segunda votación del texto sustitutorio de los proyectos de ley 5905, 5992, 6019, 6164, 6251, 6273, 6309, 6351, 6301 y 6311,
que propone la ley que garantiza el acceso al tratamiento preventivo y curativo de la enfermedad por coronavirus SARS-CoV-2 y de otras enfermedades
que dan origen a emergencias sanitarias nacionales y otras pandemias declaradas por la Organización Mundial de la Salud.

 
  

— - -
",04-12-20
56,CASTILLO OLIVA,SI,," 

ASUNTO: Exoneración de la segunda votación del texto sustitutorio de los proyectos de ley 5905, 5992, 6019, 6164, 6251, 6273, 6309, 6351, 6301 y 6311,
que propone la ley que garantiza el acceso al tratamiento preventivo y curativo de la enfermedad por coronavirus SARS-CoV-2 y de otras enfermedades
que dan origen a emergencias sanitarias nacionales y otras pandemias declaradas por la Organización Mundial de la Salud.

 
  

— - -
",04-12-20
57,|PICHILINGUE GÓMEZ 1,SI,," 

ASUNTO: Exoneración de la segunda votación del texto sustitutorio de los proyectos de ley 5905, 5992, 6019, 6164, 6251, 6273, 6309, 6351, 6301 y 6311,
que propone la ley que garantiza el acceso al tratamiento preventivo y curativo de la enfermedad por coronavirus SARS-CoV-2 y de otras enfermedades
que dan origen a emergencias sanitarias nacionales y otras pandemias declaradas por la Organización Mundial de la Salud.

 
  

— - -
",04-12-20
58,CAYGUARAY GAMBINI,SI,"FREPAP
"," 

ASUNTO: Exoneración de la segunda votación del texto sustitutorio de los proyectos de ley 5905, 5992, 6019, 6164, 6251, 6273, 6309, 6351, 6301 y 6311,
que propone la ley que garantiza el acceso al tratamiento preventivo y curativo de la enfermedad por coronavirus SARS-CoV-2 y de otras enfermedades
que dan origen a emergencias sanitarias nacionales y otras pandemias declaradas por la Organización Mundial de la Salud.

 
  

— - -
",04-12-20
59,PINEDA SANTOS,SI,"FREPAP
"," 

ASUNTO: Exoneración de la segunda votación del texto sustitutorio de los proyectos de ley 5905, 5992, 6019, 6164, 6251, 6273, 6309, 6351, 6301 y 6311,
que propone la ley que garantiza el acceso al tratamiento preventivo y curativo de la enfermedad por coronavirus SARS-CoV-2 y de otras enfermedades
que dan origen a emergencias sanitarias nacionales y otras pandemias declaradas por la Organización Mundial de la Salud.

 
  

— - -
",04-12-20
60,CAYLLAHUA BARRIENTOS,SI,"FREPAP
"," 

ASUNTO: Exoneración de la segunda votación del texto sustitutorio de los proyectos de ley 5905, 5992, 6019, 6164, 6251, 6273, 6309, 6351, 6301 y 6311,
que propone la ley que garantiza el acceso al tratamiento preventivo y curativo de la enfermedad por coronavirus SARS-CoV-2 y de otras enfermedades
que dan origen a emergencias sanitarias nacionales y otras pandemias declaradas por la Organización Mundial de la Salud.

 
  

— - -
",04-12-20
61,PINEDO ACHACA,SI,," 

ASUNTO: Exoneración de la segunda votación del texto sustitutorio de los proyectos de ley 5905, 5992, 6019, 6164, 6251, 6273, 6309, 6351, 6301 y 6311,
que propone la ley que garantiza el acceso al tratamiento preventivo y curativo de la enfermedad por coronavirus SARS-CoV-2 y de otras enfermedades
que dan origen a emergencias sanitarias nacionales y otras pandemias declaradas por la Organización Mundial de la Salud.

 
  

— - -
",04-12-20
62,CÉSPEDES CÁRDENAS DE VELÁSQUEZ,LICENCIA/AUSENTE,"FREPAP
"," 

ASUNTO: Exoneración de la segunda votación del texto sustitutorio de los proyectos de ley 5905, 5992, 6019, 6164, 6251, 6273, 6309, 6351, 6301 y 6311,
que propone la ley que garantiza el acceso al tratamiento preventivo y curativo de la enfermedad por coronavirus SARS-CoV-2 y de otras enfermedades
que dan origen a emergencias sanitarias nacionales y otras pandemias declaradas por la Organización Mundial de la Salud.

 
  

— - -
",04-12-20
63,PUÑO LECARNAQUÉ,SI,," 

ASUNTO: Exoneración de la segunda votación del texto sustitutorio de los proyectos de ley 5905, 5992, 6019, 6164, 6251, 6273, 6309, 6351, 6301 y 6311,
que propone la ley que garantiza el acceso al tratamiento preventivo y curativo de la enfermedad por coronavirus SARS-CoV-2 y de otras enfermedades
que dan origen a emergencias sanitarias nacionales y otras pandemias declaradas por la Organización Mundial de la Salud.

 
  

— - -
",04-12-20
64,CHAGUA PAYANO,NO,," 

ASUNTO: Exoneración de la segunda votación del texto sustitutorio de los proyectos de ley 5905, 5992, 6019, 6164, 6251, 6273, 6309, 6351, 6301 y 6311,
que propone la ley que garantiza el acceso al tratamiento preventivo y curativo de la enfermedad por coronavirus SARS-CoV-2 y de otras enfermedades
que dan origen a emergencias sanitarias nacionales y otras pandemias declaradas por la Organización Mundial de la Salud.

 
  

— - -
",04-12-20
65,QUISPE APAZA,SI,," 

ASUNTO: Exoneración de la segunda votación del texto sustitutorio de los proyectos de ley 5905, 5992, 6019, 6164, 6251, 6273, 6309, 6351, 6301 y 6311,
que propone la ley que garantiza el acceso al tratamiento preventivo y curativo de la enfermedad por coronavirus SARS-CoV-2 y de otras enfermedades
que dan origen a emergencias sanitarias nacionales y otras pandemias declaradas por la Organización Mundial de la Salud.

 
  

— - -
",04-12-20
66,CHAIÑA CONTRERAS,NO,," 

ASUNTO: Exoneración de la segunda votación del texto sustitutorio de los proyectos de ley 5905, 5992, 6019, 6164, 6251, 6273, 6309, 6351, 6301 y 6311,
que propone la ley que garantiza el acceso al tratamiento preventivo y curativo de la enfermedad por coronavirus SARS-CoV-2 y de otras enfermedades
que dan origen a emergencias sanitarias nacionales y otras pandemias declaradas por la Organización Mundial de la Salud.

 
  

— - -
",04-12-20
67,QUISPE SUÁREZ,SI,," 

ASUNTO: Exoneración de la segunda votación del texto sustitutorio de los proyectos de ley 5905, 5992, 6019, 6164, 6251, 6273, 6309, 6351, 6301 y 6311,
que propone la ley que garantiza el acceso al tratamiento preventivo y curativo de la enfermedad por coronavirus SARS-CoV-2 y de otras enfermedades
que dan origen a emergencias sanitarias nacionales y otras pandemias declaradas por la Organización Mundial de la Salud.

 
  

— - -
",04-12-20
68,CHAVARRÍA VILCATOMA,NO,," 

ASUNTO: Exoneración de la segunda votación del texto sustitutorio de los proyectos de ley 5905, 5992, 6019, 6164, 6251, 6273, 6309, 6351, 6301 y 6311,
que propone la ley que garantiza el acceso al tratamiento preventivo y curativo de la enfermedad por coronavirus SARS-CoV-2 y de otras enfermedades
que dan origen a emergencias sanitarias nacionales y otras pandemias declaradas por la Organización Mundial de la Salud.

 
  

— - -
",04-12-20
69,RAMOS ZAPANA,ABSTENCION,," 

ASUNTO: Exoneración de la segunda votación del texto sustitutorio de los proyectos de ley 5905, 5992, 6019, 6164, 6251, 6273, 6309, 6351, 6301 y 6311,
que propone la ley que garantiza el acceso al tratamiento preventivo y curativo de la enfermedad por coronavirus SARS-CoV-2 y de otras enfermedades
que dan origen a emergencias sanitarias nacionales y otras pandemias declaradas por la Organización Mundial de la Salud.

 
  

— - -
",04-12-20
70,CHÁVEZ COSSÍO,SI,," 

ASUNTO: Exoneración de la segunda votación del texto sustitutorio de los proyectos de ley 5905, 5992, 6019, 6164, 6251, 6273, 6309, 6351, 6301 y 6311,
que propone la ley que garantiza el acceso al tratamiento preventivo y curativo de la enfermedad por coronavirus SARS-CoV-2 y de otras enfermedades
que dan origen a emergencias sanitarias nacionales y otras pandemias declaradas por la Organización Mundial de la Salud.

 
  

— - -
",04-12-20
71,RAYME MARÍN,SI,"FREPAP
"," 

ASUNTO: Exoneración de la segunda votación del texto sustitutorio de los proyectos de ley 5905, 5992, 6019, 6164, 6251, 6273, 6309, 6351, 6301 y 6311,
que propone la ley que garantiza el acceso al tratamiento preventivo y curativo de la enfermedad por coronavirus SARS-CoV-2 y de otras enfermedades
que dan origen a emergencias sanitarias nacionales y otras pandemias declaradas por la Organización Mundial de la Salud.

 
  

— - -
",04-12-20
72,CHECCO CHAUCA,ABSTENCION,," 

ASUNTO: Exoneración de la segunda votación del texto sustitutorio de los proyectos de ley 5905, 5992, 6019, 6164, 6251, 6273, 6309, 6351, 6301 y 6311,
que propone la ley que garantiza el acceso al tratamiento preventivo y curativo de la enfermedad por coronavirus SARS-CoV-2 y de otras enfermedades
que dan origen a emergencias sanitarias nacionales y otras pandemias declaradas por la Organización Mundial de la Salud.

 
  

— - -
",04-12-20
73,RETAMOZO LEZAMA,SI,"FREPAP
"," 

ASUNTO: Exoneración de la segunda votación del texto sustitutorio de los proyectos de ley 5905, 5992, 6019, 6164, 6251, 6273, 6309, 6351, 6301 y 6311,
que propone la ley que garantiza el acceso al tratamiento preventivo y curativo de la enfermedad por coronavirus SARS-CoV-2 y de otras enfermedades
que dan origen a emergencias sanitarias nacionales y otras pandemias declaradas por la Organización Mundial de la Salud.

 
  

— - -
",04-12-20
74,CHEHADE MOYA,SI,," 

ASUNTO: Exoneración de la segunda votación del texto sustitutorio de los proyectos de ley 5905, 5992, 6019, 6164, 6251, 6273, 6309, 6351, 6301 y 6311,
que propone la ley que garantiza el acceso al tratamiento preventivo y curativo de la enfermedad por coronavirus SARS-CoV-2 y de otras enfermedades
que dan origen a emergencias sanitarias nacionales y otras pandemias declaradas por la Organización Mundial de la Salud.

 
  

— - -
",04-12-20
75,RIVAS OCEJO,SI,," 

ASUNTO: Exoneración de la segunda votación del texto sustitutorio de los proyectos de ley 5905, 5992, 6019, 6164, 6251, 6273, 6309, 6351, 6301 y 6311,
que propone la ley que garantiza el acceso al tratamiento preventivo y curativo de la enfermedad por coronavirus SARS-CoV-2 y de otras enfermedades
que dan origen a emergencias sanitarias nacionales y otras pandemias declaradas por la Organización Mundial de la Salud.

 
  

— - -
",04-12-20
76,COLUMBUS MURATA,SI,," 

ASUNTO: Exoneración de la segunda votación del texto sustitutorio de los proyectos de ley 5905, 5992, 6019, 6164, 6251, 6273, 6309, 6351, 6301 y 6311,
que propone la ley que garantiza el acceso al tratamiento preventivo y curativo de la enfermedad por coronavirus SARS-CoV-2 y de otras enfermedades
que dan origen a emergencias sanitarias nacionales y otras pandemias declaradas por la Organización Mundial de la Salud.

 
  

— - -
",04-12-20
77,RIVERA GUERRA,ABSTENCION,," 

ASUNTO: Exoneración de la segunda votación del texto sustitutorio de los proyectos de ley 5905, 5992, 6019, 6164, 6251, 6273, 6309, 6351, 6301 y 6311,
que propone la ley que garantiza el acceso al tratamiento preventivo y curativo de la enfermedad por coronavirus SARS-CoV-2 y de otras enfermedades
que dan origen a emergencias sanitarias nacionales y otras pandemias declaradas por la Organización Mundial de la Salud.

 
  

— - -
",04-12-20
78,COMBINA SALVATIERRA,SI,," 

ASUNTO: Exoneración de la segunda votación del texto sustitutorio de los proyectos de ley 5905, 5992, 6019, 6164, 6251, 6273, 6309, 6351, 6301 y 6311,
que propone la ley que garantiza el acceso al tratamiento preventivo y curativo de la enfermedad por coronavirus SARS-CoV-2 y de otras enfermedades
que dan origen a emergencias sanitarias nacionales y otras pandemias declaradas por la Organización Mundial de la Salud.

 
  

— - -
",04-12-20
79, ,LICENCIA/AUSENTE,," 

ASUNTO: Exoneración de la segunda votación del texto sustitutorio de los proyectos de ley 5905, 5992, 6019, 6164, 6251, 6273, 6309, 6351, 6301 y 6311,
que propone la ley que garantiza el acceso al tratamiento preventivo y curativo de la enfermedad por coronavirus SARS-CoV-2 y de otras enfermedades
que dan origen a emergencias sanitarias nacionales y otras pandemias declaradas por la Organización Mundial de la Salud.

 
  

— - -
",04-12-20
80,CONDORÍ FLORES,SI,," 

ASUNTO: Exoneración de la segunda votación del texto sustitutorio de los proyectos de ley 5905, 5992, 6019, 6164, 6251, 6273, 6309, 6351, 6301 y 6311,
que propone la ley que garantiza el acceso al tratamiento preventivo y curativo de la enfermedad por coronavirus SARS-CoV-2 y de otras enfermedades
que dan origen a emergencias sanitarias nacionales y otras pandemias declaradas por la Organización Mundial de la Salud.

 
  

— - -
",04-12-20
81,RUBIO GARIZA,NO,"FREPAP
"," 

ASUNTO: Exoneración de la segunda votación del texto sustitutorio de los proyectos de ley 5905, 5992, 6019, 6164, 6251, 6273, 6309, 6351, 6301 y 6311,
que propone la ley que garantiza el acceso al tratamiento preventivo y curativo de la enfermedad por coronavirus SARS-CoV-2 y de otras enfermedades
que dan origen a emergencias sanitarias nacionales y otras pandemias declaradas por la Organización Mundial de la Salud.

 
  

— - -
",04-12-20
82,CONTRERAS BAUTISTA,SI,," 

ASUNTO: Exoneración de la segunda votación del texto sustitutorio de los proyectos de ley 5905, 5992, 6019, 6164, 6251, 6273, 6309, 6351, 6301 y 6311,
que propone la ley que garantiza el acceso al tratamiento preventivo y curativo de la enfermedad por coronavirus SARS-CoV-2 y de otras enfermedades
que dan origen a emergencias sanitarias nacionales y otras pandemias declaradas por la Organización Mundial de la Salud.

 
  

— - -
",04-12-20
83,RUIZ PINEDO,SI,," 

ASUNTO: Exoneración de la segunda votación del texto sustitutorio de los proyectos de ley 5905, 5992, 6019, 6164, 6251, 6273, 6309, 6351, 6301 y 6311,
que propone la ley que garantiza el acceso al tratamiento preventivo y curativo de la enfermedad por coronavirus SARS-CoV-2 y de otras enfermedades
que dan origen a emergencias sanitarias nacionales y otras pandemias declaradas por la Organización Mundial de la Salud.

 
  

— - -
",04-12-20
84,COSTA SANTOLALLA,LICENCIA/AUSENTE,," 

ASUNTO: Exoneración de la segunda votación del texto sustitutorio de los proyectos de ley 5905, 5992, 6019, 6164, 6251, 6273, 6309, 6351, 6301 y 6311,
que propone la ley que garantiza el acceso al tratamiento preventivo y curativo de la enfermedad por coronavirus SARS-CoV-2 y de otras enfermedades
que dan origen a emergencias sanitarias nacionales y otras pandemias declaradas por la Organización Mundial de la Salud.

 
  

— - -
",04-12-20
85,SAAVEDRA OCHARÁN,SI,," 

ASUNTO: Exoneración de la segunda votación del texto sustitutorio de los proyectos de ley 5905, 5992, 6019, 6164, 6251, 6273, 6309, 6351, 6301 y 6311,
que propone la ley que garantiza el acceso al tratamiento preventivo y curativo de la enfermedad por coronavirus SARS-CoV-2 y de otras enfermedades
que dan origen a emergencias sanitarias nacionales y otras pandemias declaradas por la Organización Mundial de la Salud.

 
  

— - -
",04-12-20
86,DE BELAUNDE DE CÁRDENAS,SI,," 

ASUNTO: Exoneración de la segunda votación del texto sustitutorio de los proyectos de ley 5905, 5992, 6019, 6164, 6251, 6273, 6309, 6351, 6301 y 6311,
que propone la ley que garantiza el acceso al tratamiento preventivo y curativo de la enfermedad por coronavirus SARS-CoV-2 y de otras enfermedades
que dan origen a emergencias sanitarias nacionales y otras pandemias declaradas por la Organización Mundial de la Salud.

 
  

— - -
",04-12-20
87,SALINAS LÓPEZ,SI,," 

ASUNTO: Exoneración de la segunda votación del texto sustitutorio de los proyectos de ley 5905, 5992, 6019, 6164, 6251, 6273, 6309, 6351, 6301 y 6311,
que propone la ley que garantiza el acceso al tratamiento preventivo y curativo de la enfermedad por coronavirus SARS-CoV-2 y de otras enfermedades
que dan origen a emergencias sanitarias nacionales y otras pandemias declaradas por la Organización Mundial de la Salud.

 
  

— - -
",04-12-20
88,DIOSES GUZMÁN,SI,," 

ASUNTO: Exoneración de la segunda votación del texto sustitutorio de los proyectos de ley 5905, 5992, 6019, 6164, 6251, 6273, 6309, 6351, 6301 y 6311,
que propone la ley que garantiza el acceso al tratamiento preventivo y curativo de la enfermedad por coronavirus SARS-CoV-2 y de otras enfermedades
que dan origen a emergencias sanitarias nacionales y otras pandemias declaradas por la Organización Mundial de la Salud.

 
  

— - -
",04-12-20
89,SÁNCHEZ LUIS,SI,," 

ASUNTO: Exoneración de la segunda votación del texto sustitutorio de los proyectos de ley 5905, 5992, 6019, 6164, 6251, 6273, 6309, 6351, 6301 y 6311,
que propone la ley que garantiza el acceso al tratamiento preventivo y curativo de la enfermedad por coronavirus SARS-CoV-2 y de otras enfermedades
que dan origen a emergencias sanitarias nacionales y otras pandemias declaradas por la Organización Mundial de la Salud.

 
  

— - -
",04-12-20
90,DURAND BUSTAMANTE,ABSTENCION,," 

ASUNTO: Exoneración de la segunda votación del texto sustitutorio de los proyectos de ley 5905, 5992, 6019, 6164, 6251, 6273, 6309, 6351, 6301 y 6311,
que propone la ley que garantiza el acceso al tratamiento preventivo y curativo de la enfermedad por coronavirus SARS-CoV-2 y de otras enfermedades
que dan origen a emergencias sanitarias nacionales y otras pandemias declaradas por la Organización Mundial de la Salud.

 
  

— - -
",04-12-20
91,SANTILLANA PAREDES,SI,," 

ASUNTO: Exoneración de la segunda votación del texto sustitutorio de los proyectos de ley 5905, 5992, 6019, 6164, 6251, 6273, 6309, 6351, 6301 y 6311,
que propone la ley que garantiza el acceso al tratamiento preventivo y curativo de la enfermedad por coronavirus SARS-CoV-2 y de otras enfermedades
que dan origen a emergencias sanitarias nacionales y otras pandemias declaradas por la Organización Mundial de la Salud.

 
  

— - -
",04-12-20
92,ESPINOZA ROSALES,SI,," 

ASUNTO: Exoneración de la segunda votación del texto sustitutorio de los proyectos de ley 5905, 5992, 6019, 6164, 6251, 6273, 6309, 6351, 6301 y 6311,
que propone la ley que garantiza el acceso al tratamiento preventivo y curativo de la enfermedad por coronavirus SARS-CoV-2 y de otras enfermedades
que dan origen a emergencias sanitarias nacionales y otras pandemias declaradas por la Organización Mundial de la Salud.

 
  

— - -
",04-12-20
93,SILUPÚ INGA,SI,," 

ASUNTO: Exoneración de la segunda votación del texto sustitutorio de los proyectos de ley 5905, 5992, 6019, 6164, 6251, 6273, 6309, 6351, 6301 y 6311,
que propone la ley que garantiza el acceso al tratamiento preventivo y curativo de la enfermedad por coronavirus SARS-CoV-2 y de otras enfermedades
que dan origen a emergencias sanitarias nacionales y otras pandemias declaradas por la Organización Mundial de la Salud.

 
  

— - -
",04-12-20
94,ESPINOZA VELARDE,LICENCIA/AUSENTE,," 

ASUNTO: Exoneración de la segunda votación del texto sustitutorio de los proyectos de ley 5905, 5992, 6019, 6164, 6251, 6273, 6309, 6351, 6301 y 6311,
que propone la ley que garantiza el acceso al tratamiento preventivo y curativo de la enfermedad por coronavirus SARS-CoV-2 y de otras enfermedades
que dan origen a emergencias sanitarias nacionales y otras pandemias declaradas por la Organización Mundial de la Salud.

 
  

— - -
",04-12-20
95,SILVA SANTISTEBAN MANRIQUE,SI,," 

ASUNTO: Exoneración de la segunda votación del texto sustitutorio de los proyectos de ley 5905, 5992, 6019, 6164, 6251, 6273, 6309, 6351, 6301 y 6311,
que propone la ley que garantiza el acceso al tratamiento preventivo y curativo de la enfermedad por coronavirus SARS-CoV-2 y de otras enfermedades
que dan origen a emergencias sanitarias nacionales y otras pandemias declaradas por la Organización Mundial de la Salud.

 
  

— - -
",04-12-20
96,FABIÁN DÍAZ,ABSTENCION,," 

ASUNTO: Exoneración de la segunda votación del texto sustitutorio de los proyectos de ley 5905, 5992, 6019, 6164, 6251, 6273, 6309, 6351, 6301 y 6311,
que propone la ley que garantiza el acceso al tratamiento preventivo y curativo de la enfermedad por coronavirus SARS-CoV-2 y de otras enfermedades
que dan origen a emergencias sanitarias nacionales y otras pandemias declaradas por la Organización Mundial de la Salud.

 
  

— - -
",04-12-20
97,SIMEÓN HURTADO,SI,," 

ASUNTO: Exoneración de la segunda votación del texto sustitutorio de los proyectos de ley 5905, 5992, 6019, 6164, 6251, 6273, 6309, 6351, 6301 y 6311,
que propone la ley que garantiza el acceso al tratamiento preventivo y curativo de la enfermedad por coronavirus SARS-CoV-2 y de otras enfermedades
que dan origen a emergencias sanitarias nacionales y otras pandemias declaradas por la Organización Mundial de la Salud.

 
  

— - -
",04-12-20
98,FERNÁNDEZ CHACÓN,ABSTENCION,," 

ASUNTO: Exoneración de la segunda votación del texto sustitutorio de los proyectos de ley 5905, 5992, 6019, 6164, 6251, 6273, 6309, 6351, 6301 y 6311,
que propone la ley que garantiza el acceso al tratamiento preventivo y curativo de la enfermedad por coronavirus SARS-CoV-2 y de otras enfermedades
que dan origen a emergencias sanitarias nacionales y otras pandemias declaradas por la Organización Mundial de la Salud.

 
  

— - -
",04-12-20
99,SOLÍS GUTIÉRREZ,SI,," 

ASUNTO: Exoneración de la segunda votación del texto sustitutorio de los proyectos de ley 5905, 5992, 6019, 6164, 6251, 6273, 6309, 6351, 6301 y 6311,
que propone la ley que garantiza el acceso al tratamiento preventivo y curativo de la enfermedad por coronavirus SARS-CoV-2 y de otras enfermedades
que dan origen a emergencias sanitarias nacionales y otras pandemias declaradas por la Organización Mundial de la Salud.

 
  

— - -
",04-12-20
100,FLORES VILLEGAS,SI,," 

ASUNTO: Exoneración de la segunda votación del texto sustitutorio de los proyectos de ley 5905, 5992, 6019, 6164, 6251, 6273, 6309, 6351, 6301 y 6311,
que propone la ley que garantiza el acceso al tratamiento preventivo y curativo de la enfermedad por coronavirus SARS-CoV-2 y de otras enfermedades
que dan origen a emergencias sanitarias nacionales y otras pandemias declaradas por la Organización Mundial de la Salud.

 
  

— - -
",04-12-20
101,TITO ORTEGA,SI,," 

ASUNTO: Exoneración de la segunda votación del texto sustitutorio de los proyectos de ley 5905, 5992, 6019, 6164, 6251, 6273, 6309, 6351, 6301 y 6311,
que propone la ley que garantiza el acceso al tratamiento preventivo y curativo de la enfermedad por coronavirus SARS-CoV-2 y de otras enfermedades
que dan origen a emergencias sanitarias nacionales y otras pandemias declaradas por la Organización Mundial de la Salud.

 
  

— - -
",04-12-20
102,GALLARDO BECERRA,SI,," 

ASUNTO: Exoneración de la segunda votación del texto sustitutorio de los proyectos de ley 5905, 5992, 6019, 6164, 6251, 6273, 6309, 6351, 6301 y 6311,
que propone la ley que garantiza el acceso al tratamiento preventivo y curativo de la enfermedad por coronavirus SARS-CoV-2 y de otras enfermedades
que dan origen a emergencias sanitarias nacionales y otras pandemias declaradas por la Organización Mundial de la Salud.

 
  

— - -
",04-12-20
103,TOCTO GUERRERO,SI,," 

ASUNTO: Exoneración de la segunda votación del texto sustitutorio de los proyectos de ley 5905, 5992, 6019, 6164, 6251, 6273, 6309, 6351, 6301 y 6311,
que propone la ley que garantiza el acceso al tratamiento preventivo y curativo de la enfermedad por coronavirus SARS-CoV-2 y de otras enfermedades
que dan origen a emergencias sanitarias nacionales y otras pandemias declaradas por la Organización Mundial de la Salud.

 
  

— - -
",04-12-20
104,GARCÍA OVIEDO,SI,," 

ASUNTO: Exoneración de la segunda votación del texto sustitutorio de los proyectos de ley 5905, 5992, 6019, 6164, 6251, 6273, 6309, 6351, 6301 y 6311,
que propone la ley que garantiza el acceso al tratamiento preventivo y curativo de la enfermedad por coronavirus SARS-CoV-2 y de otras enfermedades
que dan origen a emergencias sanitarias nacionales y otras pandemias declaradas por la Organización Mundial de la Salud.

 
  

— - -
",04-12-20
105,TROYES DELGADO,SI,," 

ASUNTO: Exoneración de la segunda votación del texto sustitutorio de los proyectos de ley 5905, 5992, 6019, 6164, 6251, 6273, 6309, 6351, 6301 y 6311,
que propone la ley que garantiza el acceso al tratamiento preventivo y curativo de la enfermedad por coronavirus SARS-CoV-2 y de otras enfermedades
que dan origen a emergencias sanitarias nacionales y otras pandemias declaradas por la Organización Mundial de la Salud.

 
  

— - -
",04-12-20
106,GARCÍA RODRÍGUEZ,ABSTENCION,," 

ASUNTO: Exoneración de la segunda votación del texto sustitutorio de los proyectos de ley 5905, 5992, 6019, 6164, 6251, 6273, 6309, 6351, 6301 y 6311,
que propone la ley que garantiza el acceso al tratamiento preventivo y curativo de la enfermedad por coronavirus SARS-CoV-2 y de otras enfermedades
que dan origen a emergencias sanitarias nacionales y otras pandemias declaradas por la Organización Mundial de la Salud.

 
  

— - -
",04-12-20
107,TRUJILLO ZEGARRA,SI,," 

ASUNTO: Exoneración de la segunda votación del texto sustitutorio de los proyectos de ley 5905, 5992, 6019, 6164, 6251, 6273, 6309, 6351, 6301 y 6311,
que propone la ley que garantiza el acceso al tratamiento preventivo y curativo de la enfermedad por coronavirus SARS-CoV-2 y de otras enfermedades
que dan origen a emergencias sanitarias nacionales y otras pandemias declaradas por la Organización Mundial de la Salud.

 
  

— - -
",04-12-20
108,GONZALES SANTOS,SI,," 

ASUNTO: Exoneración de la segunda votación del texto sustitutorio de los proyectos de ley 5905, 5992, 6019, 6164, 6251, 6273, 6309, 6351, 6301 y 6311,
que propone la ley que garantiza el acceso al tratamiento preventivo y curativo de la enfermedad por coronavirus SARS-CoV-2 y de otras enfermedades
que dan origen a emergencias sanitarias nacionales y otras pandemias declaradas por la Organización Mundial de la Salud.

 
  

— - -
",04-12-20
109,URRESTI ELERA,SI,," 

ASUNTO: Exoneración de la segunda votación del texto sustitutorio de los proyectos de ley 5905, 5992, 6019, 6164, 6251, 6273, 6309, 6351, 6301 y 6311,
que propone la ley que garantiza el acceso al tratamiento preventivo y curativo de la enfermedad por coronavirus SARS-CoV-2 y de otras enfermedades
que dan origen a emergencias sanitarias nacionales y otras pandemias declaradas por la Organización Mundial de la Salud.

 
  

— - -
",04-12-20
110,GONZALES TUANAMA,ABSTENCION,," 

ASUNTO: Exoneración de la segunda votación del texto sustitutorio de los proyectos de ley 5905, 5992, 6019, 6164, 6251, 6273, 6309, 6351, 6301 y 6311,
que propone la ley que garantiza el acceso al tratamiento preventivo y curativo de la enfermedad por coronavirus SARS-CoV-2 y de otras enfermedades
que dan origen a emergencias sanitarias nacionales y otras pandemias declaradas por la Organización Mundial de la Salud.

 
  

— - -
",04-12-20
111,VALDEZ FARÍAS,LICENCIA/AUSENTE,," 

ASUNTO: Exoneración de la segunda votación del texto sustitutorio de los proyectos de ley 5905, 5992, 6019, 6164, 6251, 6273, 6309, 6351, 6301 y 6311,
que propone la ley que garantiza el acceso al tratamiento preventivo y curativo de la enfermedad por coronavirus SARS-CoV-2 y de otras enfermedades
que dan origen a emergencias sanitarias nacionales y otras pandemias declaradas por la Organización Mundial de la Salud.

 
  

— - -
",04-12-20
112,[GONZÁLEZ CRUZ |,ABSTENCION,," 

ASUNTO: Exoneración de la segunda votación del texto sustitutorio de los proyectos de ley 5905, 5992, 6019, 6164, 6251, 6273, 6309, 6351, 6301 y 6311,
que propone la ley que garantiza el acceso al tratamiento preventivo y curativo de la enfermedad por coronavirus SARS-CoV-2 y de otras enfermedades
que dan origen a emergencias sanitarias nacionales y otras pandemias declaradas por la Organización Mundial de la Salud.

 
  

— - -
",04-12-20
113,VALER COLLADO,ABSTENCION,," 

ASUNTO: Exoneración de la segunda votación del texto sustitutorio de los proyectos de ley 5905, 5992, 6019, 6164, 6251, 6273, 6309, 6351, 6301 y 6311,
que propone la ley que garantiza el acceso al tratamiento preventivo y curativo de la enfermedad por coronavirus SARS-CoV-2 y de otras enfermedades
que dan origen a emergencias sanitarias nacionales y otras pandemias declaradas por la Organización Mundial de la Salud.

 
  

— - -
",04-12-20
114,GUIBOVICH ARTEAGA,ABSTENCION,," 

ASUNTO: Exoneración de la segunda votación del texto sustitutorio de los proyectos de ley 5905, 5992, 6019, 6164, 6251, 6273, 6309, 6351, 6301 y 6311,
que propone la ley que garantiza el acceso al tratamiento preventivo y curativo de la enfermedad por coronavirus SARS-CoV-2 y de otras enfermedades
que dan origen a emergencias sanitarias nacionales y otras pandemias declaradas por la Organización Mundial de la Salud.

 
  

— - -
",04-12-20
115,VÁSQUEZ BECERRA,SI,," 

ASUNTO: Exoneración de la segunda votación del texto sustitutorio de los proyectos de ley 5905, 5992, 6019, 6164, 6251, 6273, 6309, 6351, 6301 y 6311,
que propone la ley que garantiza el acceso al tratamiento preventivo y curativo de la enfermedad por coronavirus SARS-CoV-2 y de otras enfermedades
que dan origen a emergencias sanitarias nacionales y otras pandemias declaradas por la Organización Mundial de la Salud.

 
  

— - -
",04-12-20
116,GUPIOC RÍOS,SI,," 

ASUNTO: Exoneración de la segunda votación del texto sustitutorio de los proyectos de ley 5905, 5992, 6019, 6164, 6251, 6273, 6309, 6351, 6301 y 6311,
que propone la ley que garantiza el acceso al tratamiento preventivo y curativo de la enfermedad por coronavirus SARS-CoV-2 y de otras enfermedades
que dan origen a emergencias sanitarias nacionales y otras pandemias declaradas por la Organización Mundial de la Salud.

 
  

— - -
",04-12-20
117,VÁSQUEZ TAN,SI,," 

ASUNTO: Exoneración de la segunda votación del texto sustitutorio de los proyectos de ley 5905, 5992, 6019, 6164, 6251, 6273, 6309, 6351, 6301 y 6311,
que propone la ley que garantiza el acceso al tratamiento preventivo y curativo de la enfermedad por coronavirus SARS-CoV-2 y de otras enfermedades
que dan origen a emergencias sanitarias nacionales y otras pandemias declaradas por la Organización Mundial de la Salud.

 
  

— - -
",04-12-20
118,GUTARRA RAMOS,SI,"FREPAP
"," 

ASUNTO: Exoneración de la segunda votación del texto sustitutorio de los proyectos de ley 5905, 5992, 6019, 6164, 6251, 6273, 6309, 6351, 6301 y 6311,
que propone la ley que garantiza el acceso al tratamiento preventivo y curativo de la enfermedad por coronavirus SARS-CoV-2 y de otras enfermedades
que dan origen a emergencias sanitarias nacionales y otras pandemias declaradas por la Organización Mundial de la Salud.

 
  

— - -
",04-12-20
119,VEGA ANTONIO,LICENCIA/AUSENTE,," 

ASUNTO: Exoneración de la segunda votación del texto sustitutorio de los proyectos de ley 5905, 5992, 6019, 6164, 6251, 6273, 6309, 6351, 6301 y 6311,
que propone la ley que garantiza el acceso al tratamiento preventivo y curativo de la enfermedad por coronavirus SARS-CoV-2 y de otras enfermedades
que dan origen a emergencias sanitarias nacionales y otras pandemias declaradas por la Organización Mundial de la Salud.

 
  

— - -
",04-12-20
120,RIDALGO ZAMALLOA,SI,," 

ASUNTO: Exoneración de la segunda votación del texto sustitutorio de los proyectos de ley 5905, 5992, 6019, 6164, 6251, 6273, 6309, 6351, 6301 y 6311,
que propone la ley que garantiza el acceso al tratamiento preventivo y curativo de la enfermedad por coronavirus SARS-CoV-2 y de otras enfermedades
que dan origen a emergencias sanitarias nacionales y otras pandemias declaradas por la Organización Mundial de la Salud.

 
  

— - -
",04-12-20
121,VERDE HEIDINGER,SI,," 

ASUNTO: Exoneración de la segunda votación del texto sustitutorio de los proyectos de ley 5905, 5992, 6019, 6164, 6251, 6273, 6309, 6351, 6301 y 6311,
que propone la ley que garantiza el acceso al tratamiento preventivo y curativo de la enfermedad por coronavirus SARS-CoV-2 y de otras enfermedades
que dan origen a emergencias sanitarias nacionales y otras pandemias declaradas por la Organización Mundial de la Salud.

 
  

— - -
",04-12-20
122,HUAMÁN CHAMPI,SI,"FREPAP
"," 

ASUNTO: Exoneración de la segunda votación del texto sustitutorio de los proyectos de ley 5905, 5992, 6019, 6164, 6251, 6273, 6309, 6351, 6301 y 6311,
que propone la ley que garantiza el acceso al tratamiento preventivo y curativo de la enfermedad por coronavirus SARS-CoV-2 y de otras enfermedades
que dan origen a emergencias sanitarias nacionales y otras pandemias declaradas por la Organización Mundial de la Salud.

 
  

— - -
",04-12-20
123,VIGO GUTIÉRREZ |,SI,," 

ASUNTO: Exoneración de la segunda votación del texto sustitutorio de los proyectos de ley 5905, 5992, 6019, 6164, 6251, 6273, 6309, 6351, 6301 y 6311,
que propone la ley que garantiza el acceso al tratamiento preventivo y curativo de la enfermedad por coronavirus SARS-CoV-2 y de otras enfermedades
que dan origen a emergencias sanitarias nacionales y otras pandemias declaradas por la Organización Mundial de la Salud.

 
  

— - -
",04-12-20
124,HUAMANI MACHACA,SI,"FREPAP
"," 

ASUNTO: Exoneración de la segunda votación del texto sustitutorio de los proyectos de ley 5905, 5992, 6019, 6164, 6251, 6273, 6309, 6351, 6301 y 6311,
que propone la ley que garantiza el acceso al tratamiento preventivo y curativo de la enfermedad por coronavirus SARS-CoV-2 y de otras enfermedades
que dan origen a emergencias sanitarias nacionales y otras pandemias declaradas por la Organización Mundial de la Salud.

 
  

— - -
",04-12-20
125,VIVANCO REYES,SI,," 

ASUNTO: Exoneración de la segunda votación del texto sustitutorio de los proyectos de ley 5905, 5992, 6019, 6164, 6251, 6273, 6309, 6351, 6301 y 6311,
que propone la ley que garantiza el acceso al tratamiento preventivo y curativo de la enfermedad por coronavirus SARS-CoV-2 y de otras enfermedades
que dan origen a emergencias sanitarias nacionales y otras pandemias declaradas por la Organización Mundial de la Salud.

 
  

— - -
",04-12-20
126,INGA SALES,SI,," 

ASUNTO: Exoneración de la segunda votación del texto sustitutorio de los proyectos de ley 5905, 5992, 6019, 6164, 6251, 6273, 6309, 6351, 6301 y 6311,
que propone la ley que garantiza el acceso al tratamiento preventivo y curativo de la enfermedad por coronavirus SARS-CoV-2 y de otras enfermedades
que dan origen a emergencias sanitarias nacionales y otras pandemias declaradas por la Organización Mundial de la Salud.

 
  

— - -
",04-12-20
127,YUPANQUI MIÑANO,SI,," 

ASUNTO: Exoneración de la segunda votación del texto sustitutorio de los proyectos de ley 5905, 5992, 6019, 6164, 6251, 6273, 6309, 6351, 6301 y 6311,
que propone la ley que garantiza el acceso al tratamiento preventivo y curativo de la enfermedad por coronavirus SARS-CoV-2 y de otras enfermedades
que dan origen a emergencias sanitarias nacionales y otras pandemias declaradas por la Organización Mundial de la Salud.

 
  

— - -
",04-12-20
128,|LAZO VILLÓN |,SI,," 

ASUNTO: Exoneración de la segunda votación del texto sustitutorio de los proyectos de ley 5905, 5992, 6019, 6164, 6251, 6273, 6309, 6351, 6301 y 6311,
que propone la ley que garantiza el acceso al tratamiento preventivo y curativo de la enfermedad por coronavirus SARS-CoV-2 y de otras enfermedades
que dan origen a emergencias sanitarias nacionales y otras pandemias declaradas por la Organización Mundial de la Salud.

 
  

— - -
",04-12-20
129,IZARATE ANTÓN |,SI,," 

ASUNTO: Exoneración de la segunda votación del texto sustitutorio de los proyectos de ley 5905, 5992, 6019, 6164, 6251, 6273, 6309, 6351, 6301 y 6311,
que propone la ley que garantiza el acceso al tratamiento preventivo y curativo de la enfermedad por coronavirus SARS-CoV-2 y de otras enfermedades
que dan origen a emergencias sanitarias nacionales y otras pandemias declaradas por la Organización Mundial de la Salud.

 
  

— - -
",04-12-20
